Дата операции,Дата проводки,Статус,Сумма,Валюта,Категория,Описание,Тип
2026-08-01,2026-08-01,Выполнена,"595.60",RUR,Супермаркеты,"Пятёрочка",Расход
2026-08-01,2026-08-01,Выполнена,"281.37",RUR,Супермаркеты,"ВкусВилл",Расход
2026-08-02,2026-08-02,Выполнена,"1616.92",RUR,Фастфуд,"Яндекс Еда",Расход
2026-08-02,2026-08-02,Выполнена,"650.00",RUR,Мобильная связь,"МТС",Расход
2026-08-03,2026-08-03,Выполнена,"363.31",RUR,Рестораны,"Кофе Хаус",Расход
2026-08-03,2026-08-03,Выполнена,"812.79",RUR,Супермаркеты,"Пятёрочка",Расход
2026-08-04,2026-08-04,Выполнена,"415.79",RUR,Такси,"Яндекс Go",Расход
2026-08-04,2026-08-04,Выполнена,"877.04",RUR,Фастфуд,"Яндекс Еда",Расход
2026-08-05,2026-08-05,Выполнена,"399.00",RUR,Цифровые товары,"Яндекс Плюс",Расход
2026-08-05,2026-08-05,Выполнена,"232.51",RUR,Рестораны,"Кофе Хаус",Расход
2026-08-06,2026-08-06,Выполнена,"299.00",RUR,Цифровые товары,"Кинопоиск",Расход
2026-08-06,2026-08-06,Выполнена,"548.74",RUR,Такси,"Яндекс Go",Расход
2026-08-07,2026-08-07,Выполнена,"2745.73",RUR,Маркетплейсы,"Wildberries",Расход
2026-08-07,2026-08-07,Выполнена,"399.00",RUR,Цифровые товары,"Яндекс Плюс",Расход
2026-08-08,2026-08-08,Выполнена,"1225.34",RUR,Аптеки,"Аптека Ригла",Расход
2026-08-08,2026-08-08,Выполнена,"299.00",RUR,Цифровые товары,"Кинопоиск",Расход
2026-08-09,2026-08-09,Выполнена,"178.16",RUR,Супермаркеты,"ВкусВилл",Расход
2026-08-09,2026-08-09,Выполнена,"3415.28",RUR,Маркетплейсы,"Wildberries",Расход
2026-08-10,2026-08-10,Выполнена,"650.00",RUR,Мобильная связь,"МТС",Расход
2026-08-10,2026-08-10,Выполнена,"923.39",RUR,Аптеки,"Аптека Ригла",Расход
2026-08-11,2026-08-11,Выполнена,"2138.68",RUR,Супермаркеты,"Пятёрочка",Расход
2026-08-11,2026-08-11,Выполнена,"342.69",RUR,Супермаркеты,"ВкусВилл",Расход
2026-08-12,2026-08-12,Выполнена,"1119.32",RUR,Фастфуд,"Яндекс Еда",Расход
2026-08-12,2026-08-12,Выполнена,"650.00",RUR,Мобильная связь,"МТС",Расход
2026-08-13,2026-08-13,Выполнена,"362.95",RUR,Рестораны,"Кофе Хаус",Расход
2026-08-13,2026-08-13,Выполнена,"2483.60",RUR,Супермаркеты,"Пятёрочка",Расход
2026-08-14,2026-08-14,Выполнена,"251.37",RUR,Такси,"Яндекс Go",Расход
2026-08-14,2026-08-14,Выполнена,"1631.94",RUR,Фастфуд,"Яндекс Еда",Расход
2026-08-15,2026-08-15,Выполнена,"399.00",RUR,Цифровые товары,"Яндекс Плюс",Расход
2026-08-15,2026-08-15,Выполнена,"209.01",RUR,Рестораны,"Кофе Хаус",Расход
2026-08-16,2026-08-16,Выполнена,"299.00",RUR,Цифровые товары,"Кинопоиск",Расход
2026-08-16,2026-08-16,Выполнена,"466.25",RUR,Такси,"Яндекс Go",Расход
2026-08-17,2026-08-17,Выполнена,"1223.54",RUR,Маркетплейсы,"Wildberries",Расход
2026-08-17,2026-08-17,Выполнена,"399.00",RUR,Цифровые товары,"Яндекс Плюс",Расход
2026-08-18,2026-08-18,Выполнена,"1428.85",RUR,Аптеки,"Аптека Ригла",Расход
2026-08-19,2026-08-19,Выполнена,"420.43",RUR,Супермаркеты,"ВкусВилл",Расход
2026-08-20,2026-08-20,Выполнена,"650.00",RUR,Мобильная связь,"МТС",Расход
2026-08-21,2026-08-21,Выполнена,"355.98",RUR,Супермаркеты,"Пятёрочка",Расход
2026-08-22,2026-08-22,Выполнена,"1249.69",RUR,Фастфуд,"Яндекс Еда",Расход
2026-08-23,2026-08-23,Выполнена,"405.40",RUR,Рестораны,"Кофе Хаус",Расход
2026-08-24,2026-08-24,Выполнена,"497.78",RUR,Такси,"Яндекс Go",Расход
2026-08-25,2026-08-25,Выполнена,"399.00",RUR,Цифровые товары,"Яндекс Плюс",Расход
2026-08-26,2026-08-26,Выполнена,"299.00",RUR,Цифровые товары,"Кинопоиск",Расход
2026-08-27,2026-08-27,Выполнена,"504.55",RUR,Маркетплейсы,"Wildberries",Расход
2026-08-28,2026-08-28,Выполнена,"488.20",RUR,Аптеки,"Аптека Ригла",Расход
2026-09-01,2026-09-01,Выполнена,"1864.62",RUR,Супермаркеты,"Пятёрочка",Расход
2026-09-01,2026-09-01,Выполнена,"361.01",RUR,Супермаркеты,"ВкусВилл",Расход
2026-09-02,2026-09-02,Выполнена,"1723.73",RUR,Фастфуд,"Яндекс Еда",Расход
2026-09-02,2026-09-02,Выполнена,"650.00",RUR,Мобильная связь,"МТС",Расход
2026-09-03,2026-09-03,Выполнена,"281.31",RUR,Рестораны,"Кофе Хаус",Расход
2026-09-03,2026-09-03,Выполнена,"1605.00",RUR,Супермаркеты,"Пятёрочка",Расход
2026-09-04,2026-09-04,Выполнена,"789.52",RUR,Такси,"Яндекс Go",Расход
2026-09-04,2026-09-04,Выполнена,"1072.32",RUR,Фастфуд,"Яндекс Еда",Расход
2026-09-05,2026-09-05,Выполнена,"399.00",RUR,Цифровые товары,"Яндекс Плюс",Расход
2026-09-05,2026-09-05,Выполнена,"220.88",RUR,Рестораны,"Кофе Хаус",Расход
2026-09-06,2026-09-06,Выполнена,"299.00",RUR,Цифровые товары,"Кинопоиск",Расход
2026-09-06,2026-09-06,Выполнена,"576.46",RUR,Такси,"Яндекс Go",Расход
2026-09-07,2026-09-07,Выполнена,"2515.29",RUR,Маркетплейсы,"Wildberries",Расход
2026-09-07,2026-09-07,Выполнена,"399.00",RUR,Цифровые товары,"Яндекс Плюс",Расход
2026-09-08,2026-09-08,Выполнена,"1347.22",RUR,Аптеки,"Аптека Ригла",Расход
2026-09-08,2026-09-08,Выполнена,"299.00",RUR,Цифровые товары,"Кинопоиск",Расход
2026-09-09,2026-09-09,Выполнена,"403.86",RUR,Супермаркеты,"ВкусВилл",Расход
2026-09-09,2026-09-09,Выполнена,"2342.62",RUR,Маркетплейсы,"Wildberries",Расход
2026-09-10,2026-09-10,Выполнена,"650.00",RUR,Мобильная связь,"МТС",Расход
2026-09-10,2026-09-10,Выполнена,"1318.38",RUR,Аптеки,"Аптека Ригла",Расход
2026-09-11,2026-09-11,Выполнена,"1595.80",RUR,Супермаркеты,"Пятёрочка",Расход
2026-09-11,2026-09-11,Выполнена,"219.65",RUR,Супермаркеты,"ВкусВилл",Расход
2026-09-12,2026-09-12,Выполнена,"641.43",RUR,Фастфуд,"Яндекс Еда",Расход
2026-09-12,2026-09-12,Выполнена,"650.00",RUR,Мобильная связь,"МТС",Расход
2026-09-13,2026-09-13,Выполнена,"238.26",RUR,Рестораны,"Кофе Хаус",Расход
2026-09-13,2026-09-13,Выполнена,"2395.43",RUR,Супермаркеты,"Пятёрочка",Расход
2026-09-14,2026-09-14,Выполнена,"768.31",RUR,Такси,"Яндекс Go",Расход
2026-09-14,2026-09-14,Выполнена,"1293.35",RUR,Фастфуд,"Яндекс Еда",Расход
2026-09-15,2026-09-15,Выполнена,"399.00",RUR,Цифровые товары,"Яндекс Плюс",Расход
2026-09-15,2026-09-15,Выполнена,"290.19",RUR,Рестораны,"Кофе Хаус",Расход
2026-09-16,2026-09-16,Выполнена,"299.00",RUR,Цифровые товары,"Кинопоиск",Расход
2026-09-16,2026-09-16,Выполнена,"425.03",RUR,Такси,"Яндекс Go",Расход
2026-09-17,2026-09-17,Выполнена,"2375.68",RUR,Маркетплейсы,"Wildberries",Расход
2026-09-17,2026-09-17,Выполнена,"399.00",RUR,Цифровые товары,"Яндекс Плюс",Расход
2026-09-18,2026-09-18,Выполнена,"1113.95",RUR,Аптеки,"Аптека Ригла",Расход
2026-09-19,2026-09-19,Выполнена,"352.35",RUR,Супермаркеты,"ВкусВилл",Расход
2026-09-20,2026-09-20,Выполнена,"650.00",RUR,Мобильная связь,"МТС",Расход
2026-09-21,2026-09-21,Выполнена,"1265.72",RUR,Супермаркеты,"Пятёрочка",Расход
2026-09-22,2026-09-22,Выполнена,"1210.11",RUR,Фастфуд,"Яндекс Еда",Расход
2026-09-23,2026-09-23,Выполнена,"366.83",RUR,Рестораны,"Кофе Хаус",Расход
2026-09-24,2026-09-24,Выполнена,"588.61",RUR,Такси,"Яндекс Go",Расход
2026-09-25,2026-09-25,Выполнена,"399.00",RUR,Цифровые товары,"Яндекс Плюс",Расход
2026-09-26,2026-09-26,Выполнена,"299.00",RUR,Цифровые товары,"Кинопоиск",Расход
2026-09-27,2026-09-27,Выполнена,"506.47",RUR,Маркетплейсы,"Wildberries",Расход
2026-09-28,2026-09-28,Выполнена,"256.53",RUR,Аптеки,"Аптека Ригла",Расход
2026-09-10,2026-09-10,Выполнена,"70000.00",RUR,Зарплата,"ООО Ромашка",Пополнение
