Дата операции;Категория;Описание;Сумма
01.08.2026 12:30;Супермаркеты;Пятёрочка;595,60
01.08.2026 12:30;Супермаркеты;ВкусВилл;281,37
02.08.2026 12:30;Фастфуд;Яндекс Еда;1 616,92
02.08.2026 12:30;Мобильная связь;МТС;650,00
03.08.2026 12:30;Рестораны;Кофе Хаус;363,31
03.08.2026 12:30;Супермаркеты;Пятёрочка;812,79
04.08.2026 12:30;Такси;Яндекс Go;415,79
04.08.2026 12:30;Фастфуд;Яндекс Еда;877,04
05.08.2026 12:30;Цифровые товары;Яндекс Плюс;399,00
05.08.2026 12:30;Рестораны;Кофе Хаус;232,51
06.08.2026 12:30;Цифровые товары;Кинопоиск;299,00
06.08.2026 12:30;Такси;Яндекс Go;548,74
07.08.2026 12:30;Маркетплейсы;Wildberries;2 745,73
07.08.2026 12:30;Цифровые товары;Яндекс Плюс;399,00
08.08.2026 12:30;Аптеки;Аптека Ригла;1 225,34
08.08.2026 12:30;Цифровые товары;Кинопоиск;299,00
09.08.2026 12:30;Супермаркеты;ВкусВилл;178,16
09.08.2026 12:30;Маркетплейсы;Wildberries;3 415,28
10.08.2026 12:30;Мобильная связь;МТС;650,00
10.08.2026 12:30;Аптеки;Аптека Ригла;923,39
11.08.2026 12:30;Супермаркеты;Пятёрочка;2 138,68
11.08.2026 12:30;Супермаркеты;ВкусВилл;342,69
12.08.2026 12:30;Фастфуд;Яндекс Еда;1 119,32
12.08.2026 12:30;Мобильная связь;МТС;650,00
13.08.2026 12:30;Рестораны;Кофе Хаус;362,95
13.08.2026 12:30;Супермаркеты;Пятёрочка;2 483,60
14.08.2026 12:30;Такси;Яндекс Go;251,37
14.08.2026 12:30;Фастфуд;Яндекс Еда;1 631,94
15.08.2026 12:30;Цифровые товары;Яндекс Плюс;399,00
15.08.2026 12:30;Рестораны;Кофе Хаус;209,01
16.08.2026 12:30;Цифровые товары;Кинопоиск;299,00
16.08.2026 12:30;Такси;Яндекс Go;466,25
17.08.2026 12:30;Маркетплейсы;Wildberries;1 223,54
17.08.2026 12:30;Цифровые товары;Яндекс Плюс;399,00
18.08.2026 12:30;Аптеки;Аптека Ригла;1 428,85
19.08.2026 12:30;Супермаркеты;ВкусВилл;420,43
20.08.2026 12:30;Мобильная связь;МТС;650,00
21.08.2026 12:30;Супермаркеты;Пятёрочка;355,98
22.08.2026 12:30;Фастфуд;Яндекс Еда;1 249,69
23.08.2026 12:30;Рестораны;Кофе Хаус;405,40
24.08.2026 12:30;Такси;Яндекс Go;497,78
25.08.2026 12:30;Цифровые товары;Яндекс Плюс;399,00
26.08.2026 12:30;Цифровые товары;Кинопоиск;299,00
27.08.2026 12:30;Маркетплейсы;Wildberries;504,55
28.08.2026 12:30;Аптеки;Аптека Ригла;488,20
01.09.2026 12:30;Супермаркеты;Пятёрочка;1 864,62
01.09.2026 12:30;Супермаркеты;ВкусВилл;361,01
02.09.2026 12:30;Фастфуд;Яндекс Еда;1 723,73
02.09.2026 12:30;Мобильная связь;МТС;650,00
03.09.2026 12:30;Рестораны;Кофе Хаус;281,31
03.09.2026 12:30;Супермаркеты;Пятёрочка;1 605,00
04.09.2026 12:30;Такси;Яндекс Go;789,52
04.09.2026 12:30;Фастфуд;Яндекс Еда;1 072,32
05.09.2026 12:30;Цифровые товары;Яндекс Плюс;399,00
05.09.2026 12:30;Рестораны;Кофе Хаус;220,88
06.09.2026 12:30;Цифровые товары;Кинопоиск;299,00
06.09.2026 12:30;Такси;Яндекс Go;576,46
07.09.2026 12:30;Маркетплейсы;Wildberries;2 515,29
07.09.2026 12:30;Цифровые товары;Яндекс Плюс;399,00
08.09.2026 12:30;Аптеки;Аптека Ригла;1 347,22
08.09.2026 12:30;Цифровые товары;Кинопоиск;299,00
09.09.2026 12:30;Супермаркеты;ВкусВилл;403,86
09.09.2026 12:30;Маркетплейсы;Wildberries;2 342,62
10.09.2026 12:30;Мобильная связь;МТС;650,00
10.09.2026 12:30;Аптеки;Аптека Ригла;1 318,38
11.09.2026 12:30;Супермаркеты;Пятёрочка;1 595,80
11.09.2026 12:30;Супермаркеты;ВкусВилл;219,65
12.09.2026 12:30;Фастфуд;Яндекс Еда;641,43
12.09.2026 12:30;Мобильная связь;МТС;650,00
13.09.2026 12:30;Рестораны;Кофе Хаус;238,26
13.09.2026 12:30;Супермаркеты;Пятёрочка;2 395,43
14.09.2026 12:30;Такси;Яндекс Go;768,31
14.09.2026 12:30;Фастфуд;Яндекс Еда;1 293,35
15.09.2026 12:30;Цифровые товары;Яндекс Плюс;399,00
15.09.2026 12:30;Рестораны;Кофе Хаус;290,19
16.09.2026 12:30;Цифровые товары;Кинопоиск;299,00
16.09.2026 12:30;Такси;Яндекс Go;425,03
17.09.2026 12:30;Маркетплейсы;Wildberries;2 375,68
17.09.2026 12:30;Цифровые товары;Яндекс Плюс;399,00
18.09.2026 12:30;Аптеки;Аптека Ригла;1 113,95
19.09.2026 12:30;Супермаркеты;ВкусВилл;352,35
20.09.2026 12:30;Мобильная связь;МТС;650,00
21.09.2026 12:30;Супермаркеты;Пятёрочка;1 265,72
22.09.2026 12:30;Фастфуд;Яндекс Еда;1 210,11
23.09.2026 12:30;Рестораны;Кофе Хаус;366,83
24.09.2026 12:30;Такси;Яндекс Go;588,61
25.09.2026 12:30;Цифровые товары;Яндекс Плюс;399,00
26.09.2026 12:30;Цифровые товары;Кинопоиск;299,00
27.09.2026 12:30;Маркетплейсы;Wildberries;506,47
28.09.2026 12:30;Аптеки;Аптека Ригла;256,53
10.09.2026 09:00;Перевод;Зарплата;+85 000,00