"Дата операции";"Дата платежа";"Номер карты";"Статус";"Сумма операции";"Валюта операции";"Сумма платежа";"Валюта платежа";"Кэшбэк";"Категория";"MCC";"Описание";"Бонусы (включая кэшбэк)"
"01.08.2026 14:05:00";"01.08.2026";"*1234";"OK";"-595,60";"RUB";"-595,60";"RUB";"";"Супермаркеты";"5411";"Пятёрочка";"0,00"
"01.08.2026 14:05:00";"01.08.2026";"*1234";"OK";"-281,37";"RUB";"-281,37";"RUB";"";"Супермаркеты";"5411";"ВкусВилл";"0,00"
"02.08.2026 14:05:00";"02.08.2026";"*1234";"OK";"-1 616,92";"RUB";"-1 616,92";"RUB";"";"Фастфуд";"5814";"Яндекс Еда";"0,00"
"02.08.2026 14:05:00";"02.08.2026";"*1234";"OK";"-650,00";"RUB";"-650,00";"RUB";"";"Мобильная связь";"4814";"МТС";"0,00"
"03.08.2026 14:05:00";"03.08.2026";"*1234";"OK";"-363,31";"RUB";"-363,31";"RUB";"";"Рестораны";"5814";"Кофе Хаус";"0,00"
"03.08.2026 14:05:00";"03.08.2026";"*1234";"OK";"-812,79";"RUB";"-812,79";"RUB";"";"Супермаркеты";"5411";"Пятёрочка";"0,00"
"04.08.2026 14:05:00";"04.08.2026";"*1234";"OK";"-415,79";"RUB";"-415,79";"RUB";"";"Такси";"4121";"Яндекс Go";"0,00"
"04.08.2026 14:05:00";"04.08.2026";"*1234";"OK";"-877,04";"RUB";"-877,04";"RUB";"";"Фастфуд";"5814";"Яндекс Еда";"0,00"
"05.08.2026 14:05:00";"05.08.2026";"*1234";"OK";"-399,00";"RUB";"-399,00";"RUB";"";"Цифровые товары";"5815";"Яндекс Плюс";"0,00"
"05.08.2026 14:05:00";"05.08.2026";"*1234";"OK";"-232,51";"RUB";"-232,51";"RUB";"";"Рестораны";"5814";"Кофе Хаус";"0,00"
"06.08.2026 14:05:00";"06.08.2026";"*1234";"OK";"-299,00";"RUB";"-299,00";"RUB";"";"Цифровые товары";"5815";"Кинопоиск";"0,00"
"06.08.2026 14:05:00";"06.08.2026";"*1234";"OK";"-548,74";"RUB";"-548,74";"RUB";"";"Такси";"4121";"Яндекс Go";"0,00"
"07.08.2026 14:05:00";"07.08.2026";"*1234";"OK";"-2 745,73";"RUB";"-2 745,73";"RUB";"";"Маркетплейсы";"5399";"Wildberries";"0,00"
"07.08.2026 14:05:00";"07.08.2026";"*1234";"OK";"-399,00";"RUB";"-399,00";"RUB";"";"Цифровые товары";"5815";"Яндекс Плюс";"0,00"
"08.08.2026 14:05:00";"08.08.2026";"*1234";"OK";"-1 225,34";"RUB";"-1 225,34";"RUB";"";"Аптеки";"5912";"Аптека Ригла";"0,00"
"08.08.2026 14:05:00";"08.08.2026";"*1234";"OK";"-299,00";"RUB";"-299,00";"RUB";"";"Цифровые товары";"5815";"Кинопоиск";"0,00"
"09.08.2026 14:05:00";"09.08.2026";"*1234";"OK";"-178,16";"RUB";"-178,16";"RUB";"";"Супермаркеты";"5411";"ВкусВилл";"0,00"
"09.08.2026 14:05:00";"09.08.2026";"*1234";"OK";"-3 415,28";"RUB";"-3 415,28";"RUB";"";"Маркетплейсы";"5399";"Wildberries";"0,00"
"10.08.2026 14:05:00";"10.08.2026";"*1234";"OK";"-650,00";"RUB";"-650,00";"RUB";"";"Мобильная связь";"4814";"МТС";"0,00"
"10.08.2026 14:05:00";"10.08.2026";"*1234";"OK";"-923,39";"RUB";"-923,39";"RUB";"";"Аптеки";"5912";"Аптека Ригла";"0,00"
"11.08.2026 14:05:00";"11.08.2026";"*1234";"OK";"-2 138,68";"RUB";"-2 138,68";"RUB";"";"Супермаркеты";"5411";"Пятёрочка";"0,00"
"11.08.2026 14:05:00";"11.08.2026";"*1234";"OK";"-342,69";"RUB";"-342,69";"RUB";"";"Супермаркеты";"5411";"ВкусВилл";"0,00"
"12.08.2026 14:05:00";"12.08.2026";"*1234";"OK";"-1 119,32";"RUB";"-1 119,32";"RUB";"";"Фастфуд";"5814";"Яндекс Еда";"0,00"
"12.08.2026 14:05:00";"12.08.2026";"*1234";"OK";"-650,00";"RUB";"-650,00";"RUB";"";"Мобильная связь";"4814";"МТС";"0,00"
"13.08.2026 14:05:00";"13.08.2026";"*1234";"OK";"-362,95";"RUB";"-362,95";"RUB";"";"Рестораны";"5814";"Кофе Хаус";"0,00"
"13.08.2026 14:05:00";"13.08.2026";"*1234";"OK";"-2 483,60";"RUB";"-2 483,60";"RUB";"";"Супермаркеты";"5411";"Пятёрочка";"0,00"
"14.08.2026 14:05:00";"14.08.2026";"*1234";"OK";"-251,37";"RUB";"-251,37";"RUB";"";"Такси";"4121";"Яндекс Go";"0,00"
"14.08.2026 14:05:00";"14.08.2026";"*1234";"OK";"-1 631,94";"RUB";"-1 631,94";"RUB";"";"Фастфуд";"5814";"Яндекс Еда";"0,00"
"15.08.2026 14:05:00";"15.08.2026";"*1234";"OK";"-399,00";"RUB";"-399,00";"RUB";"";"Цифровые товары";"5815";"Яндекс Плюс";"0,00"
"15.08.2026 14:05:00";"15.08.2026";"*1234";"OK";"-209,01";"RUB";"-209,01";"RUB";"";"Рестораны";"5814";"Кофе Хаус";"0,00"
"16.08.2026 14:05:00";"16.08.2026";"*1234";"OK";"-299,00";"RUB";"-299,00";"RUB";"";"Цифровые товары";"5815";"Кинопоиск";"0,00"
"16.08.2026 14:05:00";"16.08.2026";"*1234";"OK";"-466,25";"RUB";"-466,25";"RUB";"";"Такси";"4121";"Яндекс Go";"0,00"
"17.08.2026 14:05:00";"17.08.2026";"*1234";"OK";"-1 223,54";"RUB";"-1 223,54";"RUB";"";"Маркетплейсы";"5399";"Wildberries";"0,00"
"17.08.2026 14:05:00";"17.08.2026";"*1234";"OK";"-399,00";"RUB";"-399,00";"RUB";"";"Цифровые товары";"5815";"Яндекс Плюс";"0,00"
"18.08.2026 14:05:00";"18.08.2026";"*1234";"OK";"-1 428,85";"RUB";"-1 428,85";"RUB";"";"Аптеки";"5912";"Аптека Ригла";"0,00"
"19.08.2026 14:05:00";"19.08.2026";"*1234";"OK";"-420,43";"RUB";"-420,43";"RUB";"";"Супермаркеты";"5411";"ВкусВилл";"0,00"
"20.08.2026 14:05:00";"20.08.2026";"*1234";"OK";"-650,00";"RUB";"-650,00";"RUB";"";"Мобильная связь";"4814";"МТС";"0,00"
"21.08.2026 14:05:00";"21.08.2026";"*1234";"OK";"-355,98";"RUB";"-355,98";"RUB";"";"Супермаркеты";"5411";"Пятёрочка";"0,00"
"22.08.2026 14:05:00";"22.08.2026";"*1234";"OK";"-1 249,69";"RUB";"-1 249,69";"RUB";"";"Фастфуд";"5814";"Яндекс Еда";"0,00"
"23.08.2026 14:05:00";"23.08.2026";"*1234";"OK";"-405,40";"RUB";"-405,40";"RUB";"";"Рестораны";"5814";"Кофе Хаус";"0,00"
"24.08.2026 14:05:00";"24.08.2026";"*1234";"OK";"-497,78";"RUB";"-497,78";"RUB";"";"Такси";"4121";"Яндекс Go";"0,00"
"25.08.2026 14:05:00";"25.08.2026";"*1234";"OK";"-399,00";"RUB";"-399,00";"RUB";"";"Цифровые товары";"5815";"Яндекс Плюс";"0,00"
"26.08.2026 14:05:00";"26.08.2026";"*1234";"OK";"-299,00";"RUB";"-299,00";"RUB";"";"Цифровые товары";"5815";"Кинопоиск";"0,00"
"27.08.2026 14:05:00";"27.08.2026";"*1234";"OK";"-504,55";"RUB";"-504,55";"RUB";"";"Маркетплейсы";"5399";"Wildberries";"0,00"
"28.08.2026 14:05:00";"28.08.2026";"*1234";"OK";"-488,20";"RUB";"-488,20";"RUB";"";"Аптеки";"5912";"Аптека Ригла";"0,00"
"01.09.2026 14:05:00";"01.09.2026";"*1234";"OK";"-1 864,62";"RUB";"-1 864,62";"RUB";"";"Супермаркеты";"5411";"Пятёрочка";"0,00"
"01.09.2026 14:05:00";"01.09.2026";"*1234";"OK";"-361,01";"RUB";"-361,01";"RUB";"";"Супермаркеты";"5411";"ВкусВилл";"0,00"
"02.09.2026 14:05:00";"02.09.2026";"*1234";"OK";"-1 723,73";"RUB";"-1 723,73";"RUB";"";"Фастфуд";"5814";"Яндекс Еда";"0,00"
"02.09.2026 14:05:00";"02.09.2026";"*1234";"OK";"-650,00";"RUB";"-650,00";"RUB";"";"Мобильная связь";"4814";"МТС";"0,00"
"03.09.2026 14:05:00";"03.09.2026";"*1234";"OK";"-281,31";"RUB";"-281,31";"RUB";"";"Рестораны";"5814";"Кофе Хаус";"0,00"
"03.09.2026 14:05:00";"03.09.2026";"*1234";"OK";"-1 605,00";"RUB";"-1 605,00";"RUB";"";"Супермаркеты";"5411";"Пятёрочка";"0,00"
"04.09.2026 14:05:00";"04.09.2026";"*1234";"OK";"-789,52";"RUB";"-789,52";"RUB";"";"Такси";"4121";"Яндекс Go";"0,00"
"04.09.2026 14:05:00";"04.09.2026";"*1234";"OK";"-1 072,32";"RUB";"-1 072,32";"RUB";"";"Фастфуд";"5814";"Яндекс Еда";"0,00"
"05.09.2026 14:05:00";"05.09.2026";"*1234";"OK";"-399,00";"RUB";"-399,00";"RUB";"";"Цифровые товары";"5815";"Яндекс Плюс";"0,00"
"05.09.2026 14:05:00";"05.09.2026";"*1234";"OK";"-220,88";"RUB";"-220,88";"RUB";"";"Рестораны";"5814";"Кофе Хаус";"0,00"
"06.09.2026 14:05:00";"06.09.2026";"*1234";"OK";"-299,00";"RUB";"-299,00";"RUB";"";"Цифровые товары";"5815";"Кинопоиск";"0,00"
"06.09.2026 14:05:00";"06.09.2026";"*1234";"OK";"-576,46";"RUB";"-576,46";"RUB";"";"Такси";"4121";"Яндекс Go";"0,00"
"07.09.2026 14:05:00";"07.09.2026";"*1234";"OK";"-2 515,29";"RUB";"-2 515,29";"RUB";"";"Маркетплейсы";"5399";"Wildberries";"0,00"
"07.09.2026 14:05:00";"07.09.2026";"*1234";"OK";"-399,00";"RUB";"-399,00";"RUB";"";"Цифровые товары";"5815";"Яндекс Плюс";"0,00"
"08.09.2026 14:05:00";"08.09.2026";"*1234";"OK";"-1 347,22";"RUB";"-1 347,22";"RUB";"";"Аптеки";"5912";"Аптека Ригла";"0,00"
"08.09.2026 14:05:00";"08.09.2026";"*1234";"OK";"-299,00";"RUB";"-299,00";"RUB";"";"Цифровые товары";"5815";"Кинопоиск";"0,00"
"09.09.2026 14:05:00";"09.09.2026";"*1234";"OK";"-403,86";"RUB";"-403,86";"RUB";"";"Супермаркеты";"5411";"ВкусВилл";"0,00"
"09.09.2026 14:05:00";"09.09.2026";"*1234";"OK";"-2 342,62";"RUB";"-2 342,62";"RUB";"";"Маркетплейсы";"5399";"Wildberries";"0,00"
"10.09.2026 14:05:00";"10.09.2026";"*1234";"OK";"-650,00";"RUB";"-650,00";"RUB";"";"Мобильная связь";"4814";"МТС";"0,00"
"10.09.2026 14:05:00";"10.09.2026";"*1234";"OK";"-1 318,38";"RUB";"-1 318,38";"RUB";"";"Аптеки";"5912";"Аптека Ригла";"0,00"
"11.09.2026 14:05:00";"11.09.2026";"*1234";"OK";"-1 595,80";"RUB";"-1 595,80";"RUB";"";"Супермаркеты";"5411";"Пятёрочка";"0,00"
"11.09.2026 14:05:00";"11.09.2026";"*1234";"OK";"-219,65";"RUB";"-219,65";"RUB";"";"Супермаркеты";"5411";"ВкусВилл";"0,00"
"12.09.2026 14:05:00";"12.09.2026";"*1234";"OK";"-641,43";"RUB";"-641,43";"RUB";"";"Фастфуд";"5814";"Яндекс Еда";"0,00"
"12.09.2026 14:05:00";"12.09.2026";"*1234";"OK";"-650,00";"RUB";"-650,00";"RUB";"";"Мобильная связь";"4814";"МТС";"0,00"
"13.09.2026 14:05:00";"13.09.2026";"*1234";"OK";"-238,26";"RUB";"-238,26";"RUB";"";"Рестораны";"5814";"Кофе Хаус";"0,00"
"13.09.2026 14:05:00";"13.09.2026";"*1234";"OK";"-2 395,43";"RUB";"-2 395,43";"RUB";"";"Супермаркеты";"5411";"Пятёрочка";"0,00"
"14.09.2026 14:05:00";"14.09.2026";"*1234";"OK";"-768,31";"RUB";"-768,31";"RUB";"";"Такси";"4121";"Яндекс Go";"0,00"
"14.09.2026 14:05:00";"14.09.2026";"*1234";"OK";"-1 293,35";"RUB";"-1 293,35";"RUB";"";"Фастфуд";"5814";"Яндекс Еда";"0,00"
"15.09.2026 14:05:00";"15.09.2026";"*1234";"OK";"-399,00";"RUB";"-399,00";"RUB";"";"Цифровые товары";"5815";"Яндекс Плюс";"0,00"
"15.09.2026 14:05:00";"15.09.2026";"*1234";"OK";"-290,19";"RUB";"-290,19";"RUB";"";"Рестораны";"5814";"Кофе Хаус";"0,00"
"16.09.2026 14:05:00";"16.09.2026";"*1234";"OK";"-299,00";"RUB";"-299,00";"RUB";"";"Цифровые товары";"5815";"Кинопоиск";"0,00"
"16.09.2026 14:05:00";"16.09.2026";"*1234";"OK";"-425,03";"RUB";"-425,03";"RUB";"";"Такси";"4121";"Яндекс Go";"0,00"
"17.09.2026 14:05:00";"17.09.2026";"*1234";"OK";"-2 375,68";"RUB";"-2 375,68";"RUB";"";"Маркетплейсы";"5399";"Wildberries";"0,00"
"17.09.2026 14:05:00";"17.09.2026";"*1234";"OK";"-399,00";"RUB";"-399,00";"RUB";"";"Цифровые товары";"5815";"Яндекс Плюс";"0,00"
"18.09.2026 14:05:00";"18.09.2026";"*1234";"OK";"-1 113,95";"RUB";"-1 113,95";"RUB";"";"Аптеки";"5912";"Аптека Ригла";"0,00"
"19.09.2026 14:05:00";"19.09.2026";"*1234";"OK";"-352,35";"RUB";"-352,35";"RUB";"";"Супермаркеты";"5411";"ВкусВилл";"0,00"
"20.09.2026 14:05:00";"20.09.2026";"*1234";"OK";"-650,00";"RUB";"-650,00";"RUB";"";"Мобильная связь";"4814";"МТС";"0,00"
"21.09.2026 14:05:00";"21.09.2026";"*1234";"OK";"-1 265,72";"RUB";"-1 265,72";"RUB";"";"Супермаркеты";"5411";"Пятёрочка";"0,00"
"22.09.2026 14:05:00";"22.09.2026";"*1234";"OK";"-1 210,11";"RUB";"-1 210,11";"RUB";"";"Фастфуд";"5814";"Яндекс Еда";"0,00"
"23.09.2026 14:05:00";"23.09.2026";"*1234";"OK";"-366,83";"RUB";"-366,83";"RUB";"";"Рестораны";"5814";"Кофе Хаус";"0,00"
"24.09.2026 14:05:00";"24.09.2026";"*1234";"OK";"-588,61";"RUB";"-588,61";"RUB";"";"Такси";"4121";"Яндекс Go";"0,00"
"25.09.2026 14:05:00";"25.09.2026";"*1234";"OK";"-399,00";"RUB";"-399,00";"RUB";"";"Цифровые товары";"5815";"Яндекс Плюс";"0,00"
"26.09.2026 14:05:00";"26.09.2026";"*1234";"OK";"-299,00";"RUB";"-299,00";"RUB";"";"Цифровые товары";"5815";"Кинопоиск";"0,00"
"27.09.2026 14:05:00";"27.09.2026";"*1234";"OK";"-506,47";"RUB";"-506,47";"RUB";"";"Маркетплейсы";"5399";"Wildberries";"0,00"
"28.09.2026 14:05:00";"28.09.2026";"*1234";"OK";"-256,53";"RUB";"-256,53";"RUB";"";"Аптеки";"5912";"Аптека Ригла";"0,00"
"05.09.2026 10:00:00";"05.09.2026";"*1234";"FAILED";"-9999,00";"RUB";"-9999,00";"RUB";"";"Супермаркеты";"5411";"Отклонённая";"0,00"
"06.09.2026 10:00:00";"06.09.2026";"";"OK";"50000,00";"RUB";"50000,00";"RUB";"";"Пополнения";"";"Пополнение";"0,00"
